"animeTitle","season","episode","episodeId","host","status","contentType","error","url"
"Haikyuu (Legendado)","1","24","9d57c520-ad6e-40c3-b74c-af1115d75f37","www.blogger.com","502","application/json","{""error"":""Nao foi possivel resolver a fonte de video.""}","https://www.blogger.com/video.g?token=AD6v5dzy_goKfxKuMHIuh7AehTg1muhrT2nILITg5XPkE__7yzDUwiTUHk87efUz9UvqHAqHj8JrNfBaUf2H20ErWP0AcP4retYHXU2otwWywO-1gxPN1PkusF7rEP-jn_vxpCgtYagU"
"Jujutsu Kaisen (Dublado)","1","1","2ced33e3-1a6a-4e39-893a-9c5235a4d2ad","www.blogger.com","502","application/json","{""error"":""Nao foi possivel resolver a fonte de video.""}","https://www.blogger.com/video.g?token=AD6v5dwMQ44cxOTSlH0LRN8OkyxR6_No7DSffs7qBVuwNWSZlaLq0GLk56wAznjN9vxZikKEH55q0YYtT0aTipJbbVwFz8m9vOESTDWZpnp1E0V1mqUxwHWiZ-PhgcJK0apHRikw2g"
"Jujutsu Kaisen (Dublado)","1","3","ae9c7c69-912d-49e0-9a97-e3de9877fc13","www.blogger.com","502","application/json","{""error"":""Nao foi possivel resolver a fonte de video.""}","https://www.blogger.com/video.g?token=AD6v5dymKp7EeH8zKoe2qYeyZL4x7Bg_MO2dWvfOPtMPMRekoehbsDT37n3Oiz-5Tg_lxaltrH45g3JZL8JC75LShJR7I0r3UUeihia-jR0pOQghc6iISNqyxo7zHkBTrcJXArQ75QwM"
"Jujutsu Kaisen (Dublado)","1","4","8fc3770a-c9ff-400f-a87e-8765d342c4b8","www.blogger.com","502","application/json","{""error"":""Nao foi possivel resolver a fonte de video.""}","https://www.blogger.com/video.g?token=AD6v5dyWTFxdIQ_Pk0ePPnQrwGIFHdqs7cedx73DevZGIVYu1JPdpGY9TgijyRFZ9Eqm2Z2Wh8NfbZJL05xCgbDw62VlHSRktNqN40FZA6o1rVHSF5Bk8w-TMWwCMkb7Zm_E_lRP05N0"
"Jujutsu Kaisen (Dublado)","1","5","a308d025-3838-4071-8251-27241851e62c","www.blogger.com","502","application/json","{""error"":""Nao foi possivel resolver a fonte de video.""}","https://www.blogger.com/video.g?token=AD6v5dyNye0_sWyjVjygRB_ICCAiKacEtw1nIiDGhF0zuIyBFBYHAPBxIrM_-V__j9v679VH53yjWD4D7_4Nn4hApsakVn07nmYB_wJgysPy-5Lnud7ckrTxyfkeJdfMyslInup4grM"
"Jujutsu Kaisen (Dublado)","1","7","e0f78711-c10a-4a64-84e2-6bba98ec0d6b","www.blogger.com","502","application/json","{""error"":""Nao foi possivel resolver a fonte de video.""}","https://www.blogger.com/video.g?token=AD6v5dz6WIJMGF-zGiMPHf1YH0_eT58v-OKqIEXO0Rv4r57hrKWKN2tZn_PZX08MIfHP1Ra1mTRVdBaQQluskSblaWdB_plPvrglRK2cH-LlhNkRpQ-70T9-1GhrQONcUfSmJN9HdsjI"
"Jujutsu Kaisen (Dublado)","1","20","0276623f-4c16-4669-aa64-d3954cc05c4a","www.blogger.com","502","application/json","{""error"":""Nao foi possivel resolver a fonte de video.""}","https://www.blogger.com/video.g?token=AD6v5dwLvuctvdio_Q1A1aRePK-1-EPuznhubQwvvEmeW3etVlqxOJDrILJSA5KhiOSVsQ7Qkwv75q_v1nbaL6297UcB6oYlLvaJ3E1TxUTwf5fEUXggm_6Rk42IwM2nMwtBiH2Y8cw"
"Mob Psycho 100","1","7","d1a3b135-db7c-4339-8ef3-cc0601086a20","www.blogger.com","502","application/json","{""error"":""Nao foi possivel resolver a fonte de video.""}","https://www.blogger.com/video.g?token=AD6v5dxLgI6Ieze43l2YKuI_410V2DKHVMk_lXkpViMYNXr-htdbeyyDarwRu1HKjTsO3tEIDC6o-Mq78ydZuhPdvtH_I4I_l3Ofwvzq4o-tGKxL0lzY6pGWd8054J-Ua1SPFB-FfQ"
"Mob Psycho 100 2","1","8","3fdccc9f-f4d8-44e4-b0f6-a9526d124a05","www.blogger.com","502","application/json","{""error"":""Nao foi possivel resolver a fonte de video.""}","https://www.blogger.com/video.g?token=AD6v5dyQctJy9s4hvFuQcJPc5X6s4sOlFDf6qonlHCoXU0CA1B009zDZ_WXpGiwEkiIK-biTrbgSp3UW5MUiANY_9kG6aT6y2Cm-7aD83k9V1a7YidNhHbnRkzcOE6tGxFFKHMczeCAb"
"Mob Psycho 100 2","1","9","f759c207-24db-4373-8c57-bc7ad30ddb48","www.blogger.com","502","application/json","{""error"":""Nao foi possivel resolver a fonte de video.""}","https://www.blogger.com/video.g?token=AD6v5dxJnYfRPKX-XCUG4Ftt22shnM9Pb4cyqO5lWXx8AxO-9Oprg0pODyzKwduNJvS5UkZOPeCmCwNkTdgRMKLA98-3RWa-s-k8xQLARg1SrJSyrcpGtVZrKmnCnvic9TrV-DnMBHly"
"Mob Psycho 100 2","1","10","3ce41bad-fe03-4eeb-846c-87b85388bb01","www.blogger.com","502","application/json","{""error"":""Nao foi possivel resolver a fonte de video.""}","https://www.blogger.com/video.g?token=AD6v5dxa54Z1c6Fc0_LfI7tT1bltjVEYdxnlsRh5uP3aVaFp5I1EwmHwvADq5XO9W0siSb3fV5MQpuIvjT1Uu3_Xos9UDWeZZdq0RExo0tYmgyhUop77Yvfyo-87pIXdFMGVsF0TuHA"
"Mob Psycho 100 2","1","11","675a2690-c006-4329-80d5-8ce666242490","www.blogger.com","502","application/json","{""error"":""Nao foi possivel resolver a fonte de video.""}","https://www.blogger.com/video.g?token=AD6v5dxXEYsd99pSeV_NDpZZS7nWdEP2DqSLx34QL7Anb31pi_JdgzwxzfHBcagX5LKELQG5iPuDdtRqEqzlvRNKkG6SPGGz6Wc5o6wwhqx6--0riYWjyX-Jax9VRbE_wqKnAdECh13S"
"Mob Psycho 100 2","1","12","dd66d809-d052-4f03-9dd4-4bf315a9b494","www.blogger.com","502","application/json","{""error"":""Nao foi possivel resolver a fonte de video.""}","https://www.blogger.com/video.g?token=AD6v5dxHK1N_DDUFonMi7bl9LvesdJZPZba9jyrqODJayMs8p63486wyPS-xVYF9wKfM3TiD_Nsl1JiCgT5F_BjfU8Z1SGwmhSmCXgBzCm2r8J_b_tzs8A8SpOTXIn0XRK10BvEpP86r"
"Mob Psycho 100 2","1","13","13c5d744-46d8-416e-8c55-9be914632fdd","www.blogger.com","502","application/json","{""error"":""Nao foi possivel resolver a fonte de video.""}","https://www.blogger.com/video.g?token=AD6v5dyLz6uzTtjc5tUuGG6K4mWXLrFIT6PWvEAEiyDlFwNShxQBI4xhzspDE6BMquyQhGYLfHPdBodKboLOY9X2W3kjqjW1WvwpJ-b2pGNmEMfTnSAy2KKFTi1MlzBF97276ibpb1JI"
"Mob Psycho 100 2","1","14","bb39b00a-ec63-4ad4-a604-2d923c63332a","www.blogger.com","502","application/json","{""error"":""Nao foi possivel resolver a fonte de video.""}","https://www.blogger.com/video.g?token=AD6v5dzmBLhLVQlARU6dA2OdghydEMwFXqqq8XPF4A_L4jIvYBVbd6sWIW7pM7S79yjSEtB1cJUVKXQNlMdUdVf6J0zBR3OkTA5P7N0U4-PgAOK_hiytn8GZ0dbq4Drk_BxuQd4"
"Mob Psycho 100 3","1","1","0b1a164c-e367-4d27-b8c8-c3e3345fc43a","www.blogger.com","502","application/json","{""error"":""Nao foi possivel resolver a fonte de video.""}","https://www.blogger.com/video.g?token=AD6v5dxkxPtg_OFlo9r299KmwpCARRG_VP9NrpNWLljXW27phs9NjFKLnYMvsNH2zQE2-JVsmCRL_AXFsS2x3gCyk0h7c60QFquupf363EN2h-BP2x83t2CqPg5-eCA2yC4pdkll4hmN"
"Mob Psycho 100 3","1","2","a20bcafd-2959-46fa-be63-d0ed4bb373aa","www.blogger.com","502","application/json","{""error"":""Nao foi possivel resolver a fonte de video.""}","https://www.blogger.com/video.g?token=AD6v5dzpFzBPiFlbBg4V_V5SBc32cP5a_yApGzIamLPwjV5TQM-FyKOqCAXANjGuji-vOTKtNC4fviaw9M6uqR8GTd8bkDou21xa-ClsKKHeYoIIvPKEEwiTVwxLvcPUlpwHiUoc1eSX"
"Sousou no Frieren (Dublado)","1","27","65e184c2-d51a-4c8d-b4bf-74cfa887c855","www.blogger.com","502","application/json","{""error"":""Nao foi possivel resolver a fonte de video.""}","https://www.blogger.com/video.g?token=AD6v5dyhC_D8P95mU0o8so-KsXJ1yInNTa6ytJ8o_dgt9ir1p7r70YvUXVEuL5eQjr_9k8FZW3m5j0dlbARUQSjaIvV_uUAqyVPC6teKJKBYlIx0HRD9qUso_bZ3MN1qt37LoZ34N_7o"
"Sousou no Frieren (Dublado)","1","28","60d8add7-9a53-431d-a098-a970669b8e48","www.blogger.com","502","application/json","{""error"":""Nao foi possivel resolver a fonte de video.""}","https://www.blogger.com/video.g?token=AD6v5dxQ2piUSp_XChSbxV8xbegOGbiXiNvofuuPugwE_zov83FjY1sNRtzUf6OAvUZVnJgKspBrRfK5RF0pl-7z3iyu4OtOLc33DYpqHXTuy0baFS44FNJEyvWI2a2IGLcJoqhjzvw"
"Blue Lock (Dublado)","1","6","adc59418-681b-401b-b54a-86f2578e08e8","www.blogger.com","502","application/json","{""error"":""Nao foi possivel resolver a fonte de video.""}","https://www.blogger.com/video.g?token=AD6v5dzgaafo2WbMM-rPNVtt0lkKGehzs7v7oXygtOETIY2c9TvFv4pltdSIe-hlRpzstNsfbRy8Rl1WM6ZNTZWxxNax6INJrrZ37Td4LJQopMXWQwTW0RIFJjdHOQ_uDoUy2Oos_7w"
"Blue Lock (Dublado)","1","7","d0b67c38-8ec2-4206-9228-6c9d7621e75e","www.blogger.com","502","application/json","{""error"":""Nao foi possivel resolver a fonte de video.""}","https://www.blogger.com/video.g?token=AD6v5dzUA_IENh901RBbyM9lpYen8k13BYf2e8VpmPvatDLlIEZ959TI_0qlMcaoXFww4zF-Z1PAvz8-Wgr-1HwSt1GwnrucnUC4BPkfM_HckumbofRiRjx_Cx6ZXY1cknvJINahGiz0"
"Blue Lock (Dublado)","1","8","ce3e2b36-ee35-4f54-b907-08d873a482a4","www.blogger.com","502","application/json","{""error"":""Nao foi possivel resolver a fonte de video.""}","https://www.blogger.com/video.g?token=AD6v5dwBFgKMNj9YEWfSDJOuMDm5vARWDyO1OPO6mCwrL2mR0WSP7HgUO64ziv0FMNHGBRPo7-LSekgbQhh_SoZ6CkfMsrLYAYK0zmLEGzmCaU44GkX0iLQCTexEBky8gCFhm2I5TTQk"
"Blue Lock (Dublado)","1","10","08e8a4ef-ce42-4cc8-8bdc-a841522768d2","www.blogger.com","502","application/json","{""error"":""Nao foi possivel resolver a fonte de video.""}","https://www.blogger.com/video.g?token=AD6v5dwk04DwIJyfDpvQXWImqocr9--f2wDy8jh4eROepTqhJK9qjgmdgxObnpSSb0o22kBwlP4aGO2XVhefybZikUPwjEQO5jzvKN8i4Sl7I9jKEHH5M9HjYiksj8EfRia7Oiyi7gw"
"Blue Lock (Dublado)","1","13","675a150b-c9e8-40d9-bde6-078b5130ec30","www.blogger.com","502","application/json","{""error"":""Nao foi possivel resolver a fonte de video.""}","https://www.blogger.com/video.g?token=AD6v5dyBSsqzqxUMRmvbfhegze7kZxmiqrerGO3nC9rCxuVq9lh0iI58irt0XyfE3sAiYHcDRsvYrEq5w8p055sLaYnGRQjabEENWpZXqz5vYGtNYvXP4GCL3q9ERaaJ62XsRnX5eRny"
"Blue Lock (Dublado)","1","15","ca7c7119-bb2e-462d-96ce-98a7b681f001","www.blogger.com","502","application/json","{""error"":""Nao foi possivel resolver a fonte de video.""}","https://www.blogger.com/video.g?token=AD6v5dw1Xn7pElgAiqrGVncDLkI7BinxiyMXJwZQQ5R_raJtMy_mbsjHkdWO6AtIamuAXvOYn_GnH6mhJXko-w33itaGGcTwOB6a2JcBe85-ZpB5obTXuc7-CwNMPyxdoDltrsiYGtM"
"Blue Lock (Dublado)","1","17","84398e50-ea28-4a15-8607-9fb4d6b1b15f","www.blogger.com","502","application/json","{""error"":""Nao foi possivel resolver a fonte de video.""}","https://www.blogger.com/video.g?token=AD6v5dwM53v5FWoudjDEbWc5bKOGjqjxnN7DGk_UBbwHNDF1d4ssCl3H_ikiW5h3sG3uLQhWiD0obVFCles3pnCVx0TDcsHjFTTo7i4n9tr76JKDqmCisOsZ_Blvjfo_-o90Hb4QC3nd"
"Chainsaw Man (Dublado)","1","4","40f58f14-86a9-4d8d-9f30-f1fe9871b66a","www.blogger.com","502","application/json","{""error"":""Nao foi possivel resolver a fonte de video.""}","https://www.blogger.com/video.g?token=AD6v5dyiyW3B6XjCG9pOZpQNY9RvT7hImWVB5yeZj5NKuSWqhzlFYwx_-A_3F9kM_9MHyQypBmtgEFOdqcHLLaxZ1TG7oAZEIhq2zLw1Qy8UH_D0ueXOzqq-ZvNl1k4W80PJ-W-izA"
"Chainsaw Man (Dublado)","1","8","2769b89b-2cc5-417b-b420-f67154987f21","www.blogger.com","502","application/json","{""error"":""Nao foi possivel resolver a fonte de video.""}","https://www.blogger.com/video.g?token=AD6v5dzZeJ6Ark1inmdTDn1xwmUoUGM0x5RZcJHfTFBZAjdIe3VC8o6k9VM7T73DMYSNOGM-tYfTi1kaeBJ0rnA_ahg8BLeqVBEbjVJ8JoScqz6_gKpFy9rrnswvXTG_At4eMeolEUs"
"Neon Genesis Evangelion Dublado","1","1","558db428-a2e9-4700-a2e5-97a41ee6b320","www.blogger.com","502","application/json","{""error"":""Nao foi possivel resolver a fonte de video.""}","https://www.blogger.com/video.g?token=AD6v5dwzmz2bWVj_eo5_4OoHzM-k2Fk4PsV56A9iNjsI-n1Acbz1yWFpow8ehAOBxf7EJVU8W1UuPkCkePx9s5uAFxehRJ28anp7g9q2UE5500eO9KnVHq5CJBAFWoKBmZZk3lE6vT3i"
"Neon Genesis Evangelion Dublado","1","2","fa67d899-e3d0-48af-a1a9-f50b98bc0e6f","www.blogger.com","502","application/json","{""error"":""Nao foi possivel resolver a fonte de video.""}","https://www.blogger.com/video.g?token=AD6v5dwOV11XsGW1SanCp5WvK8xKRuHXKH0F4PDItQnkhXNPMx79n56zF-EYgXtOlCCfHQCadGzWvjY6kVaCD03M5NwPUy3lF12LeRV1uQolufSUp-6zrjFKnpM3WRleyJ-SYArBQGM"
"Neon Genesis Evangelion Dublado","1","3","429b58b1-7e62-497b-a02e-9fea8aa3ba4d","www.blogger.com","502","application/json","{""error"":""Nao foi possivel resolver a fonte de video.""}","https://www.blogger.com/video.g?token=AD6v5dzQwELUhmYMelIrez_1xla9SJyNJQobTqhXpbRJ3OzxLoGP1oTsC1IOAOk50vvNqlHvLS87J5s2YP9QgPRttQBie_j_BKmpQSkBpXtAN44A37-2LPoqeIOOwdcselbvuPg0x90"
"Neon Genesis Evangelion Dublado","1","4","06ce122d-de03-4006-9900-9381d3f2eb16","www.blogger.com","502","application/json","{""error"":""Nao foi possivel resolver a fonte de video.""}","https://www.blogger.com/video.g?token=AD6v5dz4RzYtE2hfzwi5O9AwbRkpV7tO0CxdGOClBkkV6FrymJZZTxmp1vusH_AuhIv6NYYsy4TsQXqZuI_kpKryyUqZnoTXP8Yn4kXM-hY1_X3-2k91AJwcVeuhWckTBjI4fdRq6t4"
"Neon Genesis Evangelion Dublado","1","5","738d2b1c-db3a-4b0c-bf79-dbc198e2e098","www.blogger.com","502","application/json","{""error"":""Nao foi possivel resolver a fonte de video.""}","https://www.blogger.com/video.g?token=AD6v5dyHWqeSbTVNccxOMBEByg1JwU1EJHfgc1bgS2Wl7RdlQwa0YCTkuOh6uKC9iDMgI7epRymBpAie-T9Q5yCaDrlpQ9E2gglqP0Q-h_wsZmhNBSq_RFGKNxKRLFM-oKYRdLt0HTI7"
"Neon Genesis Evangelion Dublado","1","6","8bfa1916-a16a-44d2-ad9f-9c02d42aef6d","www.blogger.com","502","application/json","{""error"":""Nao foi possivel resolver a fonte de video.""}","https://www.blogger.com/video.g?token=AD6v5dwA51jJGk2RawFiur8cc7UdOT7pQSi33nXYaVXaqm4duEjc6AxoOy0QYnxkIVCw4T9PkQORH5OeWHmTaweXYYVROSP_fTOS09QED7kt7pQ5bc1ALsvzlqAeljta0PS1i-3xy9dj"
"Neon Genesis Evangelion Dublado","1","7","2edea8af-590b-4373-8f57-995612ae0caf","www.blogger.com","502","application/json","{""error"":""Nao foi possivel resolver a fonte de video.""}","https://www.blogger.com/video.g?token=AD6v5dxV4W5j3WBvC9zwi55nnfGa1lUdmuwUNHOaswzi091tmudoMODL2jeIpXeS-f-eT15XjViAOxjAGOMmAFsLD_X779gWPC5PjNpo_MpwwDqLV3H29o0rsi1i8wD105ZQnbgCe-AM"
"Neon Genesis Evangelion Dublado","1","8","ddd6b474-8d76-466a-bc23-3a86971d0645","www.blogger.com","502","application/json","{""error"":""Nao foi possivel resolver a fonte de video.""}","https://www.blogger.com/video.g?token=AD6v5dytkCFHw2Sm9w8_s4kzrrLHKzdi2mTfWbr6H4b1PMBeWd7Q3lbZpygGfd_Q-mCwIhkNdAfMn3o0tzH7U4SZHjxmVHw5Kd8j8Byp8IXv03jU9aU3kfXhKRcjJgPohQgiHZBHUsk"
"Neon Genesis Evangelion Dublado","1","10","79b8a180-323c-45fa-89d4-2b6eded34c6e","www.blogger.com","502","application/json","{""error"":""Nao foi possivel resolver a fonte de video.""}","https://www.blogger.com/video.g?token=AD6v5dyVY8Ospj0s3i0UR_3m3-gwwjPQHe00xmN7WU2rjJteNTZAoDc2ThPbKIrTplYUC9u5lesdnpqvSNQGyCo6JUjDyU_AQ7FR7pa08Z8K5s3cU11eGEuWoOdJbtqnKo3-TRrC7YU"
"Neon Genesis Evangelion Dublado","1","11","66a264b1-17f4-4a4d-b6d8-270adfe6eede","www.blogger.com","502","application/json","{""error"":""Nao foi possivel resolver a fonte de video.""}","https://www.blogger.com/video.g?token=AD6v5dyKVM_LW6F71f1tPFWuBsVSGFUWKquJJJA6mWEQHMhWu9MC0Xrz_WdwrN62LSCSp2al_mGSrESUn4cV0uL-HHvhj7ODxzEm6qb1DH98COs2_ZiyYV9Fn-q7-qR2hg8EpOa-SUMP"
"Neon Genesis Evangelion Dublado","1","12","86c132cd-f33f-409a-b9c6-9eeadf059dd5","www.blogger.com","502","application/json","{""error"":""Nao foi possivel resolver a fonte de video.""}","https://www.blogger.com/video.g?token=AD6v5dyHZJIdzVGYXOD6oz09uTIlwj1-piIz2XgsggxkjeaoY6d_1vfLqJjI0jvoTco7n-C_TCaJCgqRL2z8azzrQPft6mSIohu1eydcHoYwMCAm98FbQKmV0qYJMcRmDarDh_whWBin"
"Neon Genesis Evangelion Dublado","1","13","4e255176-e605-4309-bd74-2044365f848e","www.blogger.com","502","application/json","{""error"":""Nao foi possivel resolver a fonte de video.""}","https://www.blogger.com/video.g?token=AD6v5dxpieH_nNVoFdCFLHQx_ooio3MwVw-XP9Ymj1ceC5u2kpx8LQR3cqyhhcjS2oCteD3vdwLmocba7toW-14-Ac37MbECKgQ3WJyZcyEQRKcwmch0VRjUPHiYEPvrJgMACr4DbYPf"
"Neon Genesis Evangelion Dublado","1","14","30639ce8-4edf-4965-9569-d5a8ad83b78a","www.blogger.com","502","application/json","{""error"":""Nao foi possivel resolver a fonte de video.""}","https://www.blogger.com/video.g?token=AD6v5dxEt7pGUei1K3FrR5Z6iZjUQU0ISOImsHj6bjuzY3YQ1lymajw-pt6FtKRCuJxPkgYvDdmjnMVenT8EheWPq7sXxgh3oFbsoYsAtPJVULklWIlwZtbQcR6VJu2RJd_uPRSkdEc"
"Neon Genesis Evangelion Dublado","1","15","1a9a778a-98b7-41ea-b7d9-5be81719b97d","www.blogger.com","502","application/json","{""error"":""Nao foi possivel resolver a fonte de video.""}","https://www.blogger.com/video.g?token=AD6v5dyKH2F1TkDL4YIJep_O9qMD_ELcrwTfG0LgvdE1FlmC5yTq5kNkLiOqdD9yXsNFf1_L8D0lnG_Sy7XqkUPEXhN64UIQuBlVfE3JQLV_t19xYDTqXOZ2K3P-whsA0EeDRpkiayc"
"Neon Genesis Evangelion Dublado","1","16","18a11d92-6581-4c64-8953-57450b577b94","www.blogger.com","502","application/json","{""error"":""Nao foi possivel resolver a fonte de video.""}","https://www.blogger.com/video.g?token=AD6v5dwjunUmBZr4lsJdLFp5KNg67AWvP8dLtl7yR58ggtSUKFPwI8MquXh5C03yrc6ky_E4BA4YUreb-hiqL0H_WUmwC9pIcLaBplGPs8aeLm7JGzzVIhYA_PHSNvQ1UWxwtvpo7ZpY"
"Neon Genesis Evangelion Dublado","1","17","5ece3983-25a4-4200-a469-4c48b4805ea2","www.blogger.com","502","application/json","{""error"":""Nao foi possivel resolver a fonte de video.""}","https://www.blogger.com/video.g?token=AD6v5dwjunUmBZr4lsJdLFp5KNg67AWvP8dLtl7yR58ggtSUKFPwI8MquXh5C03yrc6ky_E4BA4YUreb-hiqL0H_WUmwC9pIcLaBplGPs8aeLm7JGzzVIhYA_PHSNvQ1UWxwtvpo7ZpY"
"Neon Genesis Evangelion Dublado","1","18","755a6868-9d89-4681-93c3-c036bdd8581d","www.blogger.com","502","application/json","{""error"":""Nao foi possivel resolver a fonte de video.""}","https://www.blogger.com/video.g?token=AD6v5dzutgSXIGUhrmC-ExPUqnd2r_omoBNixJ68Vj1XWiWNVnSoJn1MjgClEjLUfuWnuNwj91VBiqn9rYGkneF_0uUDHTiliTA8HFQJm-AOgurbp_joROC8llpeU4zw25SpjB4yk5ea"
"Neon Genesis Evangelion Dublado","1","19","4071b128-14cb-4e16-aac3-1f477de7037e","www.blogger.com","502","application/json","{""error"":""Nao foi possivel resolver a fonte de video.""}","https://www.blogger.com/video.g?token=AD6v5dxRmNp5IM3T8GnUmaBVAMNsTVZXg5s3N8dJp1do34JD4tHRhkoolDbcx37aDUMcf1FbqdNRtTThZP2H7WGkVMW87UD1RGm5ombAoIkC5fJiTM-B1gHLYM4JZU3XDRHyZBnVG7yi"
"Neon Genesis Evangelion Dublado","1","20","d936e94b-b111-4ea4-a199-6c7f5ff83ea7","www.blogger.com","502","application/json","{""error"":""Nao foi possivel resolver a fonte de video.""}","https://www.blogger.com/video.g?token=AD6v5dxFk8Wj0IM24UmfszCUfCrgQEJRky-wnG0kCdktNpXBGDAldQKdlcwbB08AlvMIOpGPB79_xAa2r6jjpSs6tomaftAYDXy7gCpfuSnhbbC6VINsnwHfy3k6TAXPwZ0iohcYCMQ"
"Neon Genesis Evangelion Dublado","1","22","1327aeee-cdfb-4e41-b3a0-c4319af730da","www.blogger.com","502","application/json","{""error"":""Nao foi possivel resolver a fonte de video.""}","https://www.blogger.com/video.g?token=AD6v5dwLjQYfuQmUcNbAKB8CTO8rRJ5Xz-LcYqOIwcRVyEhLU-XvUuwMFXvdz1wPoAh57RNzHX6QRKJ8wq1L9AM8xWjdMqRCJAPyQQBOtXe09M4WydV3yLRrKJQe26KPR_iGTDX_hyM5"
"Neon Genesis Evangelion Dublado","1","23","dbb0bf88-2660-40ea-b8f3-f9458e57a118","www.blogger.com","502","application/json","{""error"":""Nao foi possivel resolver a fonte de video.""}","https://www.blogger.com/video.g?token=AD6v5dx9T-9icl_iGd60p6XTdd0u72MyyZXw3FpnYCmJRXIi0OwxSvnO-JLgfHOo5Ea3W87xVT8oCeRQsz9BQMk4pL6MFVrS7EW0F1PYe8Qt7JR5tHzPz2GWvEfksaCfy_qmBxW4AkWU"
"Neon Genesis Evangelion Dublado","1","24","a6f923b6-43ff-479a-861c-921d8692072a","www.blogger.com","502","application/json","{""error"":""Nao foi possivel resolver a fonte de video.""}","https://www.blogger.com/video.g?token=AD6v5dym0UC-QPzgLd8coFZUYfbFoNX5rMMny0hsEIeYlwPCjBXhBQMfW9_zBv1vXvBqOic2DGMXSo8d4tgdU-olbqeWQiyABO3OxeE0IOrjXggWu-NQyzrVMkDp_4wDKSx5ABVSZUo"
"Neon Genesis Evangelion Dublado","1","25","e8527481-712f-4987-bff3-451dc2f6acf9","www.blogger.com","502","application/json","{""error"":""Nao foi possivel resolver a fonte de video.""}","https://www.blogger.com/video.g?token=AD6v5dxQ8X5XwI-xru2lHfLRdomgy8D_RWRR_cAnBYubZvNqx7XxZihmQXci54Wzyu6iDh1vVzl79_0Qr7__hSWq03Gf_IYtUvrNeDdUw76Snm6ELWHAYAHSdMtB3vxaL3qWzR52Mw"
"Neon Genesis Evangelion Dublado","1","26","b8cb5a36-854e-4cae-99b8-2869f9f55f28","www.blogger.com","502","application/json","{""error"":""Nao foi possivel resolver a fonte de video.""}","https://www.blogger.com/video.g?token=AD6v5dxRymzLN5TGtf-2LRBNf9tOhVCC6G2X9hUr2ZHDbhTrD1sM9A1hy0m3JMNRnB2vv2fVwdLhK9HZ68k8C4fSk0ejSUTGa1uge9kNInZ9OvcJNsP-ksjf7_bkjpSYFHPLj_6lKE8"
"Shikanoko Nokonoko (Dublado)","1","8","cf9ac670-1cb6-46da-b979-8023c3809148","www.blogger.com","502","application/json","{""error"":""Nao foi possivel resolver a fonte de video.""}","https://www.blogger.com/video.g?token=AD6v5dzzAQo4faBLzZBXzqUinWUuTGksPLiNR8u4Y9gVpK5WT_c1HHemSl4CsTs91JHujDBGBcvRw9BgIDek8JhhMRbk2WFO3xkPkz_Hlumiot4IpLfTxRf3xO2AdSUhhiijVYrytJY"
"Shikanoko Nokonoko (Dublado)","1","9","adbbaa38-42a5-4e0d-8b62-beae8c7a7b98","www.blogger.com","502","application/json","{""error"":""Nao foi possivel resolver a fonte de video.""}","https://www.blogger.com/video.g?token=AD6v5dy26dKvAnp2bOm1STajCzBkU4Zk0hnD5zGKz5Zbb4PFGeNVEcqTwFXxHAW9qIWCQCezf2Qiqvmz9ilT4e2dEYK7VTtLjIz9mi6QiPHrh1x_UdR74AiE9A940y-4Wrtd6GgWeTY5"
"Haikyuu 4 (Legendado(","1","3","583acba2-9f54-471c-ab47-f2e5bed11e22","www.blogger.com","502","application/json","{""error"":""Nao foi possivel resolver a fonte de video.""}","https://www.blogger.com/video.g?token=AD6v5dwkRrLBzpIy13YTQx71JCiMJTV5_C5utTATRIq9QhK0REb5gxcEjomxlacSNNolhKCEYmCe9pxzasRKTyiDUebrckbOZNl4XEaXXs9uDUQgl6SlFAdzmmsuAjQcLwg4S-QQLOAl"
"Haikyuu 4 (Legendado(","1","4","de641ac9-ca92-4e6f-94f2-e081250004d0","www.blogger.com","502","application/json","{""error"":""Nao foi possivel resolver a fonte de video.""}","https://www.blogger.com/video.g?token=AD6v5dwfcoJU8apPRyg3J9Sb4rAeNXF-teCJcfTUCaVqzBYotwFk5awmGlARH1DS0yjQzagY5WURPwNxpksEooUXWj6l_cfAFj9BJqnDBIqTlVCkSwbKRR3JS35LHu36ah4Nsp-DCBDD"
"Haikyuu 4 (Legendado(","1","5","b894f491-ec84-4ad0-8626-9a650ea7de41","www.blogger.com","502","application/json","{""error"":""Nao foi possivel resolver a fonte de video.""}","https://www.blogger.com/video.g?token=AD6v5dxH6HfyKyTU4BWdyEwz9bSW5X2bskIob5Gpzcrs7yZBLgsBzjwKRnSsMpv17T3FBxPcnKlTawklEzej1nJyoZ9yK0O-uLMnT3AWQuZ_fM4FfPMjx6uLijqr-QQSFY3_H6vwNwk"
"Haikyuu 4 (Legendado(","1","25","78f0fadd-656d-492d-aadb-8134fef17e8a","www.blogger.com","502","application/json","{""error"":""Nao foi possivel resolver a fonte de video.""}","https://www.blogger.com/video.g?token=AD6v5dyMAgxbzytMNn5JxVSMxwbeAfCjWehr7v0tozFQtTBP6bbAFNEixSASCv2tmV4rxoZuusP35NkExe0aHqr00yY73_q5p8XVlUhfy5-yzDXG1C_oLz3N6XpBHbGoFTrFDV4H2bfH"
"Toradora","1","1","02dddd61-24a4-441d-bc0b-29b38c883908","www.blogger.com","502","application/json","{""error"":""Nao foi possivel resolver a fonte de video.""}","https://www.blogger.com/video.g?token=AD6v5dwrEoeji8b5Nq_BKQjGHB7K7xUchbrcuc-wL7tT6ozTJwOpIpZDI-dOvudzmghSvkzWMPnWrrNGqJtYMNBOtnQ1xfCBIQRng-OHKo7TdxoFRSebROk4d1kpqsO1Ga2fWfhTBkRz"
"Toradora","1","2","4f2e186a-01cc-4cea-af58-f64890e026bc","www.blogger.com","502","application/json","{""error"":""Nao foi possivel resolver a fonte de video.""}","https://www.blogger.com/video.g?token=AD6v5dysXhNkYWc6ARcbhpK3fDbP1fwcwK5N7djVaVzn0Dbgq2hL-y2kRqBjacsVdJJzRPSKVyLLpj8WXsOBIQ8O9vcUPj9hTyNS_SiWt2_SrWi0JMJYi7zSse-nUje5mnnPMuqg3g70"
"Toradora","1","3","843e8eae-923c-4a4c-b18b-13fce96a66eb","www.blogger.com","502","application/json","{""error"":""Nao foi possivel resolver a fonte de video.""}","https://www.blogger.com/video.g?token=AD6v5dx1WjdwHSt8WmTwNGfBnmzx_xBz0hAdqVWNaVnPI0rEg2tblcLQxJBgEV99Q-OUd6oEqENQOCs5CWvSJMFnJ48Wvw9GG3rXWSBCHu3JWzkqkOKpouzxMcwX9bemgDT3SD25zg"
"Toradora","1","4","8382a707-de1d-426f-b9ac-35dfa59ef263","www.blogger.com","502","application/json","{""error"":""Nao foi possivel resolver a fonte de video.""}","https://www.blogger.com/video.g?token=AD6v5dynwwmtE6zVPYHlUqmQWVqFRT1DjjfP1Jpwm2hRlvIx_pEX1-nQcwraJty38MZSFo4zri-_t16GjzE85ibjIf0p_qe4unlqVF6gJd9pqKTZ3jCSQ-bMU2CwjMqZCShfTVl8G1Y"
"Toradora","1","5","dc6d6b94-b929-402e-a9ec-a112fd9c3a6e","www.blogger.com","502","application/json","{""error"":""Nao foi possivel resolver a fonte de video.""}","https://www.blogger.com/video.g?token=AD6v5dzo5Mlphe7B3Wms2ZO-oj5tQGmxOXxjN1hD4uBDn1OYf4k-6QmfjkuH4veG0C04XkUaenXbi-ABVAEc0YipDlFFdOpl4L1BmgDwqV3Bw3AZoQrdnB0zXQeLp5oh8m2X_qZ8US8"
"Toradora","1","6","037dc205-8908-4448-b807-53ec1b710376","www.blogger.com","502","application/json","{""error"":""Nao foi possivel resolver a fonte de video.""}","https://www.blogger.com/video.g?token=AD6v5dzNv8DLB--cgNkHKuMHoTEudfoRNJdjSluDN_YYmg8Ym_a8-cMhmD4bRtbmBQaAH0ZjvSQVtG3pRqHg20d5M4lF_g99WqP7IMCGm5d4N-Ly9IUokj0Cua0FwEOdAF4EV6k7i3M"
"Toradora","1","7","3062698e-f7d3-4620-9dc3-e6eed8d06189","www.blogger.com","502","application/json","{""error"":""Nao foi possivel resolver a fonte de video.""}","https://www.blogger.com/video.g?token=AD6v5dwHC6hQfe02uOaENA8MYYMlUmHp7Hm5wK9xe1GoRhbswwytZWhCtlpcSRidNTCf9sewuc1_WwJoMQ31Mhr8RK0tH8l7caZZQf2t9xJ6AKT7ySsswQgCzusyQvhbzIFw--DX-1i5"
"Toradora","1","8","c198dcb0-3465-439e-aaf2-6f4e47cc5db6","www.blogger.com","502","application/json","{""error"":""Nao foi possivel resolver a fonte de video.""}","https://www.blogger.com/video.g?token=AD6v5dzEqPhdlT9ZCHv6kOqxLAlvN1r54CJ_wDz3bRCBL8pBqTNBOkhxsFqQ5thWeO7VPpesBjbHUjAoBXN59befYGkC-YVRgeFvo37hf2jrr3fBFo8c5f_s_thFnh4pO7iEEY2M0bsT"
"Toradora","1","9","928f2060-0ee7-4894-b8f2-62a52cb0931c","www.blogger.com","502","application/json","{""error"":""Nao foi possivel resolver a fonte de video.""}","https://www.blogger.com/video.g?token=AD6v5dwitHEC6TeT9woZsovRROeNS06zqDpFHoyxIL4gz1j8D3KBUcxrzZYGX8m3kT8NX7_AjMaPjokSlCDZgd2jPAuHBA2NpvYpQfhGpDMBx5gq16Ipxwelg2NsgUstG_w6ut0SVtA"
"Toradora","1","10","a17bfd21-877f-46e4-ad93-61e282880f4c","www.blogger.com","502","application/json","{""error"":""Nao foi possivel resolver a fonte de video.""}","https://www.blogger.com/video.g?token=AD6v5dwg_eKWekbyACHgE4ZOqDJEu_As8o8z4WL9VLZ5bE-DOedut0s74he7Inf6JAUdIhdPXWBt4-PKqG-JKLQHCpQ-LwbvEuG1k6WLUapE0hDp36oiKhtFbbaGpsX21oqEa7vuQofm"
"Toradora","1","11","2ee27f8c-ab5b-4462-8526-413f97e60d45","www.blogger.com","502","application/json","{""error"":""Nao foi possivel resolver a fonte de video.""}","https://www.blogger.com/video.g?token=AD6v5dwOQNilom69ZYwDV_TjbqbIQLzJ7HOW_l34l4g16B3aA75tNj10tQ26OK3v9ZiWd6qYDRa6QWTWmZuJKYnJvBjKbRYy3tax5bsTzss1ZpdM6tlv6cVh02ZjK2k6Zowhcdw7j5xy"
"Toradora","1","12","b9b2e294-e646-4db5-9836-c40b654301f7","www.blogger.com","502","application/json","{""error"":""Nao foi possivel resolver a fonte de video.""}","https://www.blogger.com/video.g?token=AD6v5dx1QX6Cf6SIzzOvqI9IwPYva5DKrOrq2bP-CYrSOb5gP2DhUMRrilQmqnyEElXdNnLDAR1hyCTWagjI19aK1tVGtf6Jzv5TZIYE1VegtS8l3AMaZIu1Lm2xoRGLTE6QxlulSg"
"Toradora","1","13","ac29fc77-9b7d-4fb0-bbcb-026e799ff27f","www.blogger.com","502","application/json","{""error"":""Nao foi possivel resolver a fonte de video.""}","https://www.blogger.com/video.g?token=AD6v5dwFwNvZ0YwOwt6ENw_-aEg_G5P42xFilMOUO58N0g87UMYEFByDlQD_tTDgolc8jXgoDndfoxX2Ts9n_pV9BI6Jv6HdYdHnalBkyknIvWsAo7Q3uIFm-nXnLbZpnFc5_6NbC-E"
"Toradora","1","14","e79d4711-3f9b-4d24-93cc-d1ec1fc43dea","www.blogger.com","502","application/json","{""error"":""Nao foi possivel resolver a fonte de video.""}","https://www.blogger.com/video.g?token=AD6v5dxEZkTbBviFC_0IdnywiFC6EKmWMeAdSnsp2KzYCd0NPJGoZURSAP8Krj02nceWu8dCteMhtqF9JE6MwHdbOCPxOWmTJqJjKAIK-VzCnqTgB5-ENEsU-rgMRtW4XP0uECSlwbm7"
"Toradora","1","15","f80d840d-69da-483c-9428-42fa52868d19","www.blogger.com","502","application/json","{""error"":""Nao foi possivel resolver a fonte de video.""}","https://www.blogger.com/video.g?token=AD6v5dyQg2Jk2_NIy7-Ym4p4fOuY5MWHsck8K3SsVPSnDdiPMK_kiJVWK3oOZitHh1NIa3oWHSy6gvpdOVsH9_bYZF4ZiHNSUC1yQshq3GtztMW9EvmkqktRH3D4quqAAZtqrwjI5HU"
"Toradora","1","16","eaf71067-8981-4814-99cb-4aa1e843fdb9","www.blogger.com","502","application/json","{""error"":""Nao foi possivel resolver a fonte de video.""}","https://www.blogger.com/video.g?token=AD6v5dyxROZmTAhzq9k5_nTDe8Lm0KwB0Sjk_GGqSlqdVnQqSERF8YaNJXxd02Af0R0aadl5y8GYNfDaAbHc3elrgT3GlC1BZidRCDoBncQrjrFHnfNNVxPl5ZpeTnhjOePAZKTIfl-c"
"Toradora","1","17","414856f2-654f-45f1-b9fa-74b87f9a83f9","www.blogger.com","502","application/json","{""error"":""Nao foi possivel resolver a fonte de video.""}","https://www.blogger.com/video.g?token=AD6v5dz1SZeeh9vywExAn1SpOb0LaWqHwk_BOEl89rThD-YaCO1a41cps1umqOzUb1isKbEZjwlqmQRxJjHwOnAwSKolKGsiy-zMqfhcDLjEPaUk1cWD7rW_b8-PPv4HWMTnf2lzgKsu"
"Toradora","1","18","2afeb27c-47a5-44c6-8232-b9f90e7ee15d","www.blogger.com","502","application/json","{""error"":""Nao foi possivel resolver a fonte de video.""}","https://www.blogger.com/video.g?token=AD6v5dx61kCjdUMd4bW_cfrO-er4Kfq_J6ikqykbNsQBAUg6yA-kr58lnm50iHW_ZUJyNsJhFNN1jmkrPSNc0alJJtnU0IM2LLPdtZFD_YMpJS-Z_jdCCuabFM1tZ4hdHK_fllOoHu6b"
"Toradora","1","19","a235fa7a-9fae-4f14-8c0f-154daa98e142","www.blogger.com","502","application/json","{""error"":""Nao foi possivel resolver a fonte de video.""}","https://www.blogger.com/video.g?token=AD6v5dzrHEAZsrU-Gv19RHT4Jmcv5kixpnCD8peBtPWkXjAsqos3dd7M72BgABJzElK9rXzalQbUQQz4194dYYPnyhxbUA33MHisolYzKhpM5Cfe117jgUtdHyO2nylSAzUwTMHCYsE"
"Toradora","1","20","790053e7-54c4-4430-b1e6-18ddcf092def","www.blogger.com","502","application/json","{""error"":""Nao foi possivel resolver a fonte de video.""}","https://www.blogger.com/video.g?token=AD6v5dxRJXrG6wl7893jXzwFbzp03V7OzkOVNbfaLOfBo6A40XMCLnOtV59_nJ0E7N3t6IsST0_vPbrOr5wCmcjIDDOABNjhF8z-w22ZQSIlzCks5WVaEE7TQ-yUR-lYo1Q7aKVftXo"
"Toradora","1","21","f3df8bf8-7bb8-43b4-b0c5-a1a90780adce","www.blogger.com","502","application/json","{""error"":""Nao foi possivel resolver a fonte de video.""}","https://www.blogger.com/video.g?token=AD6v5dxP0AIWUG0hNko_QTG0AnJN8M5r0qQ-ugz1bBw-a20fEx0XNBgF1hS5W-kRPs1U6jMxZwjrU-JOkaSIEyOGkxqa9n-uFHGoAPD8vJR4Otmr2EtDCIs_iFdx7zzpZMIncSRuA7U"
"Toradora","1","22","48f5e248-6276-4613-9688-47054d0b928b","www.blogger.com","502","application/json","{""error"":""Nao foi possivel resolver a fonte de video.""}","https://www.blogger.com/video.g?token=AD6v5dyYRKleM3cHOCeiZP0D-jNq1Yic9DQFD935x7HudfA4zKu_fVjPwmGLf_zrpm9g7dUMj7URw5jSX6Wc6vxbTJu3H8OV6XWQswgchp5rK-35ccn2f_u9jg9-1RQJ1hkkpM3Pii0"
"Toradora","1","23","e7212336-ab8d-4ec1-a5ad-de7b2bd277fd","www.blogger.com","502","application/json","{""error"":""Nao foi possivel resolver a fonte de video.""}","https://www.blogger.com/video.g?token=AD6v5dx1wpW5Q-M4Gw2Ld_XV0Et4SCMvGUPMhaoeydsa-SRa7PSPv6IhlXTGxGBJklZSbrJ5FTLOp_aXFOdR6Zz56TUoHklqRLqDhZw299dA1DOo6YeOIdLnvUgHicH3Vu8H1cg3mw"
"Toradora","1","24","6c6b1ac7-3c02-4b4d-81da-e56660580454","www.blogger.com","502","application/json","{""error"":""Nao foi possivel resolver a fonte de video.""}","https://www.blogger.com/video.g?token=AD6v5dwNtsdm9fXwW95uUHusXkYDpOlM72ulvNjX97WMbZEfouaFzY0aCue2ekz7_P8ZMoftN7EWlRG9wcaVpmDfHucHN4Ir9uovg1rvfATftzenJWwsLVun2ZaKCsNcWRvvFD9pfvY"
"Toradora","1","25","bc11907c-84ce-4ce7-bf36-fdc4a6af7672","www.blogger.com","502","application/json","{""error"":""Nao foi possivel resolver a fonte de video.""}","https://www.blogger.com/video.g?token=AD6v5dzH79Rf2kVSllr7uY2Cn0wt2SM0nPvPrZUJi8Q71qbagD_4p_BjuemnlAdDqygxy3B1hkjELq6fGuaPUlATNXSPE-VL0bl9WzfX76BEOvThaT4uEDxli8COelxqWaWgyRy8bA"
"Toradora","1","26","de10fc09-efcd-4bae-8afa-e52bc1803dcf","www.blogger.com","502","application/json","{""error"":""Nao foi possivel resolver a fonte de video.""}","https://www.blogger.com/video.g?token=AD6v5dy3_gkafb_AU3arAnusTsnUerwJVkvsBfBdFBzImV0QcF2yudyNdR1ux6ZKAZMdLux3ujGPKP3S8xmYKFPIvLjP7wKv5Q6j9OvfQcgJ0CivPzweU92Ih5gDEyyw0ZXv3jqoy80"
"Toradora","1","27","a3ab19ff-72c0-4c04-aa14-45c09040f098","www.blogger.com","502","application/json","{""error"":""Nao foi possivel resolver a fonte de video.""}","https://www.blogger.com/video.g?token=AD6v5dyrJWctSI7nESrhFZp4i0-njDm-sfwdl-X84BoGIWHdEE-JjGGoq2RnbaTOGffQ89CRRfE17PnE7pHnTBEEYz1IinXWNnjldGmMBrXsxBe7csdDGE51WtOe0ItqvY3TW2h1SK8"
"Toradora","1","28","266447f1-ba7c-47b6-a1f0-e86999dc8e74","www.blogger.com","502","application/json","{""error"":""Nao foi possivel resolver a fonte de video.""}","https://www.blogger.com/video.g?token=AD6v5dwQhZoczLb4qdIR_QJoDJpVOxuUVQ2IM6fzogOejO2sELY6NRcys3B0q9xXGzGlWAWDSDrdfqWRsOFW-zqvCmMyKhlUTXkuaNYEgP6BoX0RgaB5Q4FyjEImTXKMTbH1-CGcmq8"
"Toradora","1","29","0eac7d54-a5e8-4a68-b2a6-92638d350ad4","www.blogger.com","502","application/json","{""error"":""Nao foi possivel resolver a fonte de video.""}","https://www.blogger.com/video.g?token=AD6v5dx669BN_U2ACEfwfL-8FKL9T79sLsbOroaGG4WmhwqzVN6j1RPFmX7k76M0Mon-jWStAKp05puAb7r-BL5D0GRmf14Nd3RnBKOcjB707ORQxgVdxGKnOSz2l3ANpg5me5PVPDOD"
"Toradora","1","30","3831d6e9-4d5e-4ed3-a867-4917d0490efb","www.blogger.com","502","application/json","{""error"":""Nao foi possivel resolver a fonte de video.""}","https://www.blogger.com/video.g?token=AD6v5dyeo5JAuwpeGB5KhlMSLcP_Rbz_QEMmXgx_8W762cAcUxPhd-jBTY3I1DcAVxh41zjJM48Y1qZvNG_n1XTZOBw-8VLXsYbGntVjp8qMVOmlu1GQ7QR5bPuSUtorURr9GJKiT7r5"
"Cyberpunk: Edgerunners","1","1","11dfa63a-e615-430f-875e-8e3059a49f77","www.blogger.com","502","application/json","{""error"":""Nao foi possivel resolver a fonte de video.""}","https://www.blogger.com/video.g?token=AD6v5dxdt7mPqd49SwBRYwi8Dx3EwNVbdh_7bzbD9bp7y202tKoJQWDCtcUtCuzzVBSop_wW8rfeN6oj2AtMFa264Qh5XwhMmG_hGiXL0LRl769kChkN3i-540xbk7EvXMaNvK-I7-o"
"Cyberpunk: Edgerunners","1","2","138a0004-22b4-47ce-9da8-0b39820fe4ca","www.blogger.com","502","application/json","{""error"":""Nao foi possivel resolver a fonte de video.""}","https://www.blogger.com/video.g?token=AD6v5dxPwzud8m42YSAjgoEac9kmyznOic4NFibOycQl449AwWKan1hwGRCFT-NuFbZ6riyHum0NkWq0ZiKxvltJ6Hpz8gVPB6eNG9pk-Dq1tl4RryZR_cfhJHW1R32Unn1nXl3UBwU"
"Cyberpunk: Edgerunners","1","3","7699da15-2a1f-43b4-8e5f-20d2e6524ff5","www.blogger.com","502","application/json","{""error"":""Nao foi possivel resolver a fonte de video.""}","https://www.blogger.com/video.g?token=AD6v5dzP-uJLFk9H8Z6s7VdBpJzwTidzmJkPAfuQHS-dULy9LRuMpXAf0I1pG9voHLu4bPHhEmFkd0tGQvCXsxTHTLUj7AEpFl5UVzYvm50z9TVx09vIbnM_ZnyexWetDBvjRNmuNT4"
"Cyberpunk: Edgerunners","1","4","e963103e-ee76-48fc-818a-33fc4925340e","www.blogger.com","502","application/json","{""error"":""Nao foi possivel resolver a fonte de video.""}","https://www.blogger.com/video.g?token=AD6v5dyzLCXGTl28dl3vDCU2_QF92-Md2kjfeG2WUVvcw3MW85ZkjEhtml_3RngCO_DQhqPpacB2XzwZcPEt7KgdPFgpzan1LObCAR__4Y99k8K_OAWFdzTQ_khwk-MQghl5e88gtqI"
"Cyberpunk: Edgerunners","1","5","96ed25e2-9055-45cc-9c6b-5eba6c2c6022","www.blogger.com","502","application/json","{""error"":""Nao foi possivel resolver a fonte de video.""}","https://www.blogger.com/video.g?token=AD6v5dy7hENF-y_csMTC6iQ_4zchHC150yIih5cIKxxh2uL11Kt8jWr2F8xR5BqTkeIJffPhl75Ekyr7nuFCk8dmxB0JqDP2PXeOycAV0xDhppsYjF7bk3ypG9-acCHxayqMRfaopJ4p"
"Cyberpunk: Edgerunners","1","6","5faeb528-bc65-4cb5-908c-0682fbb4c8a7","www.blogger.com","502","application/json","{""error"":""Nao foi possivel resolver a fonte de video.""}","https://www.blogger.com/video.g?token=AD6v5dzVlWO3EV7UcCHOBZ3Hb3DhoUKek3PJKmkiduTOi6dSFG5Cnn0VvkfskKHHfUHjYBV3L69txnj3mannkkImPUcqIB7lxt7fCqt6y52uoNPoU9p7ZZNf5D-IzOZTb_LgRQCd_GcW"
"Cyberpunk: Edgerunners","1","7","a6755037-6d0a-40fe-bd67-d8ef3eaa1ca0","www.blogger.com","502","application/json","{""error"":""Nao foi possivel resolver a fonte de video.""}","https://www.blogger.com/video.g?token=AD6v5dw-SOjtxwZhN8JAjBwZd9Q2QswnK_p-8Es1cmYrZF9fNjxx5XbmsYGFuV8L95KsZbCAOCI8_ISn2XLE9uE0squ5kQo6IjfT6VooHQpq59gmAgTxEtxdw5iJlkLDh1RvhuUUC5jH"
"Cyberpunk: Edgerunners","1","8","fdc5335b-8124-493b-afdf-a68ca58c724a","www.blogger.com","502","application/json","{""error"":""Nao foi possivel resolver a fonte de video.""}","https://www.blogger.com/video.g?token=AD6v5dwwEaU582UEi_llJC81O33oixbMh0KfiStFPj1io2cKGYjY4axVjk6Dqlnsvh0ZLtMHjTyYtP7l-BmXAbWAxHyCMXdUaOouXYW1EytdkHhZEDVWGtEMKywnED3pREZusnYp7pU"
"Cyberpunk: Edgerunners","1","9","0b748222-4d32-4cd1-bc8c-4db31392a213","www.blogger.com","502","application/json","{""error"":""Nao foi possivel resolver a fonte de video.""}","https://www.blogger.com/video.g?token=AD6v5dzjNgvj7BAmF_DwHhog26IQA_5EC83VajkCMZGJUbpQ3-cn1G5RIT9_clT8ajRk6tawdBl8BYRmE_ETSVUPQtxuuV4hDUwyJTWzLpsGYgKvvpVAZ9WDj_igfmRanWEQNZJPzbpH"
"Cyberpunk: Edgerunners","1","10","c08615d4-2b31-492b-ae61-ef76856cd61f","www.blogger.com","502","application/json","{""error"":""Nao foi possivel resolver a fonte de video.""}","https://www.blogger.com/video.g?token=AD6v5dzHRomIvsafCshzwbSMKLI0W0hlDev_5oB__rdrKgwZ2OePLYazaC0LA1ooJ1e--fnGI9diDyYcm9BuXyei2hrj24m71fx5QlQ4CJlw3afihE3ouv9TntifU2mmLO3YAC06znA"